train_loss,step,epoch,val_loss
0.9326645135879517,9,0,
0.7966070175170898,19,0,
0.6715589761734009,29,0,
0.6190717220306396,39,0,
0.591239869594574,49,0,
0.572288990020752,59,0,
0.5482208728790283,69,0,
0.5279563665390015,79,0,
0.5264509320259094,89,0,
,97,0,0.5740942358970642
0.5173109769821167,99,1,
0.502601146697998,109,1,
0.5004862546920776,119,1,
0.5206080079078674,129,1,
0.49303609132766724,139,1,
0.5007298588752747,149,1,
0.500357985496521,159,1,
0.4984617233276367,169,1,
0.4912356734275818,179,1,
0.49640077352523804,189,1,
,195,1,0.5610666275024414
0.4833304286003113,199,2,
0.48515766859054565,209,2,
0.4941698908805847,219,2,
0.49064892530441284,229,2,
0.487303227186203,239,2,
0.4855162799358368,249,2,
0.48653584718704224,259,2,
0.47655051946640015,269,2,
0.4813794791698456,279,2,
0.4732668697834015,289,2,
,293,2,0.5593630075454712
0.47684773802757263,299,3,
0.47748348116874695,309,3,
0.4719374179840088,319,3,
0.4706783890724182,329,3,
0.47565755248069763,339,3,
0.466291606426239,349,3,
0.47416990995407104,359,3,
0.4734697937965393,369,3,
0.4711218774318695,379,3,
0.4707815647125244,389,3,
,391,3,0.5468157529830933
0.47242629528045654,399,4,
0.46681326627731323,409,4,
0.46182042360305786,419,4,
0.4584547281265259,429,4,
0.4697574973106384,439,4,
0.4617213308811188,449,4,
0.4734530448913574,459,4,
0.46667245030403137,469,4,
0.47030389308929443,479,4,
0.4559931755065918,489,4,
,489,4,0.5462478995323181
0.45773613452911377,499,5,
0.4599396884441376,509,5,
0.4627031087875366,519,5,
0.4575475752353668,529,5,
0.4619380235671997,539,5,
0.45161139965057373,549,5,
0.47000813484191895,559,5,
0.46522897481918335,569,5,
0.46376723051071167,579,5,
,587,5,0.5413074493408203
0.4581424593925476,589,6,
0.4614395499229431,599,6,
0.4681549072265625,609,6,
0.45686739683151245,619,6,
0.45960378646850586,629,6,
0.45713168382644653,639,6,
0.4613730013370514,649,6,
0.4601399898529053,659,6,
0.4566973149776459,669,6,
0.45996350049972534,679,6,
,685,6,0.5346730947494507
0.4495452046394348,689,7,
0.4573460817337036,699,7,
0.4541202783584595,709,7,
0.45188775658607483,719,7,
0.45738106966018677,729,7,
0.4587821364402771,739,7,
0.44936782121658325,749,7,
0.44176340103149414,759,7,
0.45998191833496094,769,7,
0.45172256231307983,779,7,
,783,7,0.5424365997314453
0.453921914100647,789,8,
0.4503869116306305,799,8,
0.45964503288269043,809,8,
0.4453750252723694,819,8,
0.45011818408966064,829,8,
0.4481273591518402,839,8,
0.44765713810920715,849,8,
0.4551208019256592,859,8,
0.44738784432411194,869,8,
0.4458984434604645,879,8,
,881,8,0.5361733436584473
0.4581305980682373,889,9,
0.4533396363258362,899,9,
0.447371244430542,909,9,
0.45988887548446655,919,9,
0.4478849172592163,929,9,
0.4531732499599457,939,9,
0.44843393564224243,949,9,
0.4568707346916199,959,9,
0.46492889523506165,969,9,
0.4355930685997009,979,9,
,979,9,0.5370842218399048
0.4564669728279114,989,10,
0.4562411606311798,999,10,
0.4534192681312561,1009,10,
0.4527835547924042,1019,10,
0.45242762565612793,1029,10,
0.45072007179260254,1039,10,
0.449745774269104,1049,10,
0.45787984132766724,1059,10,
0.44526946544647217,1069,10,
,1077,10,0.5399901270866394
0.44709140062332153,1079,11,
0.4389147162437439,1089,11,
0.4580014944076538,1099,11,
0.45495885610580444,1109,11,
0.4626814126968384,1119,11,
0.44840067625045776,1129,11,
0.4521870017051697,1139,11,
0.44889774918556213,1149,11,
0.44505763053894043,1159,11,
0.446689248085022,1169,11,
,1175,11,0.537869393825531
0.45130443572998047,1179,12,
0.44998809695243835,1189,12,
0.44050419330596924,1199,12,
0.4387538731098175,1209,12,
0.4598236083984375,1219,12,
0.4545326232910156,1229,12,
0.44649559259414673,1239,12,
0.44774502515792847,1249,12,
0.44893914461135864,1259,12,
0.44298213720321655,1269,12,
,1273,12,0.5318421125411987
0.454867959022522,1279,13,
0.4408392906188965,1289,13,
0.4526171088218689,1299,13,
0.4434904456138611,1309,13,
0.44315147399902344,1319,13,
0.44187551736831665,1329,13,
0.42842501401901245,1339,13,
0.44176337122917175,1349,13,
0.44684553146362305,1359,13,
0.45896226167678833,1369,13,
,1371,13,0.5443271398544312
0.4468962550163269,1379,14,
0.4493943452835083,1389,14,
0.4453366696834564,1399,14,
0.44665372371673584,1409,14,
0.44751185178756714,1419,14,
0.4371294379234314,1429,14,
0.444607675075531,1439,14,
0.43558263778686523,1449,14,
0.43686407804489136,1459,14,
0.4390254020690918,1469,14,
,1469,14,0.5372337698936462
0.4445022940635681,1479,15,
0.44291555881500244,1489,15,
0.4425613582134247,1499,15,
0.4439389109611511,1509,15,
0.44128167629241943,1519,15,
0.4413031041622162,1529,15,
0.4304641783237457,1539,15,
0.44259923696517944,1549,15,
0.44522160291671753,1559,15,
,1567,15,0.5322564840316772
0.4441882371902466,1569,16,
0.4412176012992859,1579,16,
0.44126373529434204,1589,16,
0.44176334142684937,1599,16,
0.4361109137535095,1609,16,
0.4420645236968994,1619,16,
0.4397869110107422,1629,16,
0.44454604387283325,1639,16,
0.4391357898712158,1649,16,
0.4312451481819153,1659,16,
,1665,16,0.540406346321106
0.44436872005462646,1669,17,
0.43985098600387573,1679,17,
0.43419361114501953,1689,17,
0.4379016160964966,1699,17,
0.4340013265609741,1709,17,
0.43687593936920166,1719,17,
0.43891632556915283,1729,17,
0.44009286165237427,1739,17,
0.4355446994304657,1749,17,
0.4341556429862976,1759,17,
,1763,17,0.5374606847763062
0.4349766969680786,1769,18,
0.4390779733657837,1779,18,
0.4413575530052185,1789,18,
0.44347643852233887,1799,18,
0.43509751558303833,1809,18,
0.43456214666366577,1819,18,
0.43289297819137573,1829,18,
0.44626694917678833,1839,18,
0.44360047578811646,1849,18,
0.4383138418197632,1859,18,
,1861,18,0.5386814475059509
0.43453654646873474,1869,19,
0.4346407949924469,1879,19,
0.4427449107170105,1889,19,
0.43280717730522156,1899,19,
0.4389878809452057,1909,19,
0.4266236126422882,1919,19,
0.42734888195991516,1929,19,
0.4373617470264435,1939,19,
0.4420613646507263,1949,19,
0.4323112964630127,1959,19,
,1959,19,0.5416117906570435
0.42528921365737915,1969,20,
0.4388108253479004,1979,20,
0.44013363122940063,1989,20,
0.4273868203163147,1999,20,
0.4369819760322571,2009,20,
0.44064509868621826,2019,20,
0.43509799242019653,2029,20,
0.4349212050437927,2039,20,
0.43968892097473145,2049,20,
,2057,20,0.525949239730835
0.4337274730205536,2059,21,
0.43127018213272095,2069,21,
0.4327430725097656,2079,21,
0.4388457238674164,2089,21,
0.4408388137817383,2099,21,
0.4291001558303833,2109,21,
0.43645310401916504,2119,21,
0.4285958409309387,2129,21,
0.4365012049674988,2139,21,
0.4329289197921753,2149,21,
,2155,21,0.5396303534507751
0.4387447237968445,2159,22,
0.4286806285381317,2169,22,
0.43220508098602295,2179,22,
0.4438003599643707,2189,22,
0.430106520652771,2199,22,
0.4389476180076599,2209,22,
0.44109323620796204,2219,22,
0.4310765266418457,2229,22,
0.43094465136528015,2239,22,
0.4309349060058594,2249,22,
,2253,22,0.5285202264785767
0.42995336651802063,2259,23,
0.43155017495155334,2269,23,
0.4224400520324707,2279,23,
0.4364687502384186,2289,23,
0.4358709454536438,2299,23,
0.42642807960510254,2309,23,
0.4304347634315491,2319,23,
0.4390942454338074,2329,23,
0.4402141869068146,2339,23,
0.43578433990478516,2349,23,
,2351,23,0.5320516228675842
0.434187650680542,2359,24,
0.43087220191955566,2369,24,
0.426349014043808,2379,24,
0.42689943313598633,2389,24,
0.428899884223938,2399,24,
0.4400944709777832,2409,24,
0.42856907844543457,2419,24,
0.42808812856674194,2429,24,
0.43008846044540405,2439,24,
0.4301406741142273,2449,24,
,2449,24,0.5244408845901489
0.4353392720222473,2459,25,
0.4360957145690918,2469,25,
0.4287499785423279,2479,25,
0.43030446767807007,2489,25,
0.43639057874679565,2499,25,
0.4330609440803528,2509,25,
0.4343860149383545,2519,25,
0.4256339371204376,2529,25,
0.4280184507369995,2539,25,
,2547,25,0.5344720482826233
0.4249298572540283,2549,26,
0.43094998598098755,2559,26,
0.4373374879360199,2569,26,
0.42836859822273254,2579,26,
0.4311264753341675,2589,26,
0.4267795979976654,2599,26,
0.42479366064071655,2609,26,
0.43182966113090515,2619,26,
0.43364471197128296,2629,26,
0.42581725120544434,2639,26,
,2645,26,0.528336763381958
0.4311683773994446,2649,27,
0.4278258681297302,2659,27,
0.4269845485687256,2669,27,
0.4322945475578308,2679,27,
0.41829150915145874,2689,27,
0.42599689960479736,2699,27,
0.4317997992038727,2709,27,
0.42681896686553955,2719,27,
0.43171703815460205,2729,27,
0.42149198055267334,2739,27,
,2743,27,0.5379064679145813
0.4333299696445465,2749,28,
0.42854270339012146,2759,28,
0.4367251396179199,2769,28,
0.434360146522522,2779,28,
0.42669177055358887,2789,28,
0.430631160736084,2799,28,
0.42652660608291626,2809,28,
0.4219856262207031,2819,28,
0.429176390171051,2829,28,
0.42522233724594116,2839,28,
,2841,28,0.5324461460113525
0.4242219924926758,2849,29,
0.4297102093696594,2859,29,
0.41931337118148804,2869,29,
0.4284289479255676,2879,29,
0.41997456550598145,2889,29,
0.4292536973953247,2899,29,
0.4278794825077057,2909,29,
0.429438054561615,2919,29,
0.4233684837818146,2929,29,
0.4261266589164734,2939,29,
,2939,29,0.5222751498222351
0.42314350605010986,2949,30,
0.4251896142959595,2959,30,
0.4231923520565033,2969,30,
0.43052420020103455,2979,30,
0.43145084381103516,2989,30,
0.4239543080329895,2999,30,
0.4349355101585388,3009,30,
0.42912065982818604,3019,30,
0.4251366853713989,3029,30,
,3037,30,0.5294679999351501
0.4232618510723114,3039,31,
0.42416292428970337,3049,31,
0.4275429844856262,3059,31,
0.4408843517303467,3069,31,
0.42492687702178955,3079,31,
0.42910176515579224,3089,31,
0.42701005935668945,3099,31,
0.41941314935684204,3109,31,
0.42626914381980896,3119,31,
0.42671579122543335,3129,31,
,3135,31,0.5287653207778931
0.42261356115341187,3139,32,
0.4158257246017456,3149,32,
0.4259820580482483,3159,32,
0.42364341020584106,3169,32,
0.42509204149246216,3179,32,
0.42745834589004517,3189,32,
0.4251888692378998,3199,32,
0.4342007637023926,3209,32,
0.43321603536605835,3219,32,
0.4200001060962677,3229,32,
,3233,32,0.5419108867645264
0.4239044487476349,3239,33,
0.42162588238716125,3249,33,
0.42892521619796753,3259,33,
0.4241079092025757,3269,33,
0.42991942167282104,3279,33,
0.4206836521625519,3289,33,
0.4195735454559326,3299,33,
0.43128788471221924,3309,33,
0.4311935305595398,3319,33,
0.43560999631881714,3329,33,
,3331,33,0.5420958399772644
0.429565966129303,3339,34,
0.4171409606933594,3349,34,
0.41938257217407227,3359,34,
0.42158108949661255,3369,34,
0.43172159790992737,3379,34,
0.42615148425102234,3389,34,
0.42731085419654846,3399,34,
0.4259096384048462,3409,34,
0.43539512157440186,3419,34,
0.4274587631225586,3429,34,
,3429,34,0.538666844367981
0.4260232150554657,3439,35,
0.42028260231018066,3449,35,
0.4232640266418457,3459,35,
0.42302101850509644,3469,35,
0.4252278804779053,3479,35,
0.4309917092323303,3489,35,
0.4193752408027649,3499,35,
0.4225260615348816,3509,35,
0.41724225878715515,3519,35,
,3527,35,0.5456494092941284
0.424205482006073,3529,36,
0.4280550479888916,3539,36,
0.42546895146369934,3549,36,
0.4210461974143982,3559,36,
0.41458892822265625,3569,36,
0.42663219571113586,3579,36,
0.4243658781051636,3589,36,
0.4286612272262573,3599,36,
0.4228741526603699,3609,36,
0.4317547082901001,3619,36,
,3625,36,0.5314537286758423
0.42827343940734863,3629,37,
0.4286205470561981,3639,37,
0.4207913875579834,3649,37,
0.42979657649993896,3659,37,
0.42962178587913513,3669,37,
0.42147403955459595,3679,37,
0.430281400680542,3689,37,
0.4232845902442932,3699,37,
0.422751784324646,3709,37,
0.432181715965271,3719,37,
,3723,37,0.5313191413879395
0.42873305082321167,3729,38,
0.4292204976081848,3739,38,
0.43056267499923706,3749,38,
0.42134368419647217,3759,38,
0.4123319387435913,3769,38,
0.42523252964019775,3779,38,
0.42442625761032104,3789,38,
0.42688435316085815,3799,38,
0.4200228750705719,3809,38,
0.41964852809906006,3819,38,
,3821,38,0.5333294868469238
0.4262399673461914,3829,39,
0.4279921054840088,3839,39,
0.4234481751918793,3849,39,
0.4152677059173584,3859,39,
0.4205979108810425,3869,39,
0.42210331559181213,3879,39,
0.42192548513412476,3889,39,
0.4207684397697449,3899,39,
0.4234972298145294,3909,39,
0.42054620385169983,3919,39,
,3919,39,0.5397964715957642
0.43354225158691406,3929,40,
0.4164571762084961,3939,40,
0.42332372069358826,3949,40,
0.4207615256309509,3959,40,
0.41624271869659424,3969,40,
0.42448997497558594,3979,40,
0.4240169823169708,3989,40,
0.4207821488380432,3999,40,
0.4119781255722046,4009,40,
,4017,40,0.5365233421325684
0.41504237055778503,4019,41,
0.4233468174934387,4029,41,
0.42819857597351074,4039,41,
0.4203323721885681,4049,41,
0.4205346703529358,4059,41,
0.42182403802871704,4069,41,
0.42697250843048096,4079,41,
0.4199512004852295,4089,41,
0.41130512952804565,4099,41,
0.42078161239624023,4109,41,
,4115,41,0.5251978635787964
0.4224838614463806,4119,42,
0.42058229446411133,4129,42,
0.422810435295105,4139,42,
0.4248815178871155,4149,42,
0.4293884038925171,4159,42,
0.42917248606681824,4169,42,
0.4226791262626648,4179,42,
0.4227801561355591,4189,42,
0.42274704575538635,4199,42,
0.4180026352405548,4209,42,
,4213,42,0.5350560545921326
0.40686023235321045,4219,43,
0.4276043176651001,4229,43,
0.4168128967285156,4239,43,
0.4231299161911011,4249,43,
0.42336326837539673,4259,43,
0.42353686690330505,4269,43,
0.41956424713134766,4279,43,
0.4271465241909027,4289,43,
0.4231162667274475,4299,43,
0.41483205556869507,4309,43,
,4311,43,0.5413544774055481
0.41713935136795044,4319,44,
0.4280007481575012,4329,44,
0.41723310947418213,4339,44,
0.41798388957977295,4349,44,
0.4201647639274597,4359,44,
0.42186594009399414,4369,44,
0.41157710552215576,4379,44,
0.4202778935432434,4389,44,
0.41666972637176514,4399,44,
0.41958093643188477,4409,44,
,4409,44,0.5348649024963379
0.41775649785995483,4419,45,
0.41938090324401855,4429,45,
0.4178048372268677,4439,45,
0.42385047674179077,4449,45,
0.4114909768104553,4459,45,
0.4160612225532532,4469,45,
0.42716777324676514,4479,45,
0.41904574632644653,4489,45,
0.41371357440948486,4499,45,
,4507,45,0.5292771458625793
0.4232768416404724,4509,46,
0.41660457849502563,4519,46,
0.41336560249328613,4529,46,
0.41971033811569214,4539,46,
0.41216841340065,4549,46,
0.42726343870162964,4559,46,
0.42358094453811646,4569,46,
0.4231048822402954,4579,46,
0.4163617789745331,4589,46,
0.4161421060562134,4599,46,
,4605,46,0.5353720784187317
0.41432756185531616,4609,47,
0.4274071156978607,4619,47,
0.42022958397865295,4629,47,
0.4224982261657715,4639,47,
0.4227375388145447,4649,47,
0.4176308512687683,4659,47,
0.42123520374298096,4669,47,
0.4179809093475342,4679,47,
0.4216880798339844,4689,47,
0.4088945686817169,4699,47,
,4703,47,0.5322293043136597
0.41529005765914917,4709,48,
0.42733144760131836,4719,48,
0.41776779294013977,4729,48,
0.41808944940567017,4739,48,
0.41516199707984924,4749,48,
0.41842037439346313,4759,48,
0.40849894285202026,4769,48,
0.4133557677268982,4779,48,
0.41135311126708984,4789,48,
0.4179175794124603,4799,48,
,4801,48,0.5432954430580139
0.4064478278160095,4809,49,
0.415630578994751,4819,49,
0.4100281596183777,4829,49,
0.4187502861022949,4839,49,
0.41649478673934937,4849,49,
0.41865217685699463,4859,49,
0.4164470434188843,4869,49,
0.41132164001464844,4879,49,
0.40994948148727417,4889,49,
0.4204520583152771,4899,49,
,4899,49,0.5346095561981201
0.41762202978134155,4909,50,
0.4097668528556824,4919,50,
0.4147721529006958,4929,50,
0.41799288988113403,4939,50,
0.4164872169494629,4949,50,
0.41851168870925903,4959,50,
0.40964871644973755,4969,50,
0.40659067034721375,4979,50,
0.4251387119293213,4989,50,
,4997,50,0.5341864228248596
0.41610249876976013,4999,51,
0.42539775371551514,5009,51,
0.41756734251976013,5019,51,
0.4186287820339203,5029,51,
0.4211404323577881,5039,51,
0.421563982963562,5049,51,
0.4170588254928589,5059,51,
0.4090332090854645,5069,51,
0.4115687608718872,5079,51,
0.4178652763366699,5089,51,
,5095,51,0.5315888524055481
0.4108710289001465,5099,52,
0.42345112562179565,5109,52,
0.4152921736240387,5119,52,
0.42047470808029175,5129,52,
0.4178239405155182,5139,52,
0.41596919298171997,5149,52,
0.41341227293014526,5159,52,
0.41111183166503906,5169,52,
0.41455477476119995,5179,52,
0.4129031300544739,5189,52,
,5193,52,0.5338311791419983
0.41085782647132874,5199,53,
0.41472989320755005,5209,53,
0.40972062945365906,5219,53,
0.40826404094696045,5229,53,
0.410993367433548,5239,53,
0.42038047313690186,5249,53,
0.41728830337524414,5259,53,
0.42048901319503784,5269,53,
0.4147515296936035,5279,53,
0.41406574845314026,5289,53,
,5291,53,0.5397968888282776
0.414972186088562,5299,54,
0.41499578952789307,5309,54,
0.41113710403442383,5319,54,
0.4161056876182556,5329,54,
0.4135034680366516,5339,54,
0.41650959849357605,5349,54,
0.41353535652160645,5359,54,
0.40776777267456055,5369,54,
0.4118884801864624,5379,54,
0.415696382522583,5389,54,
,5389,54,0.5375495553016663
0.4167032539844513,5399,55,
0.4149618148803711,5409,55,
0.4127846360206604,5419,55,
0.41197535395622253,5429,55,
0.41541701555252075,5439,55,
0.4133681654930115,5449,55,
0.412956178188324,5459,55,
0.41685807704925537,5469,55,
0.4068790674209595,5479,55,
,5487,55,0.5254620909690857
0.4139792323112488,5489,56,
0.41440775990486145,5499,56,
0.40850189328193665,5509,56,
0.41729941964149475,5519,56,
0.41540753841400146,5529,56,
0.40993714332580566,5539,56,
0.4101450443267822,5549,56,
0.4124350845813751,5559,56,
0.4150731563568115,5569,56,
0.4191339313983917,5579,56,
,5585,56,0.5317617058753967
0.4183690547943115,5589,57,
0.4172515273094177,5599,57,
0.41569042205810547,5609,57,
0.40919965505599976,5619,57,
0.41825586557388306,5629,57,
0.40882518887519836,5639,57,
0.4139426350593567,5649,57,
0.4147152900695801,5659,57,
0.41200968623161316,5669,57,
0.4134276509284973,5679,57,
,5683,57,0.5339985489845276
0.40671008825302124,5689,58,
0.4222925305366516,5699,58,
0.4118756055831909,5709,58,
0.4102936387062073,5719,58,
0.40869754552841187,5729,58,
0.4236716330051422,5739,58,
0.4146779179573059,5749,58,
0.4131264090538025,5759,58,
0.41371503472328186,5769,58,
0.4124606251716614,5779,58,
,5781,58,0.5361697673797607
0.4078790843486786,5789,59,
0.40506845712661743,5799,59,
0.40801316499710083,5809,59,
0.4086385667324066,5819,59,
0.4153417646884918,5829,59,
0.4118461608886719,5839,59,
0.41411375999450684,5849,59,
0.41394340991973877,5859,59,
0.40553897619247437,5869,59,
0.40870916843414307,5879,59,
,5879,59,0.5328467488288879
0.414096862077713,5889,60,
0.4140019416809082,5899,60,
0.4069021940231323,5909,60,
0.4075169563293457,5919,60,
0.4070470929145813,5929,60,
0.4180517792701721,5939,60,
0.4044445753097534,5949,60,
0.41472673416137695,5959,60,
0.41484951972961426,5969,60,
,5977,60,0.5321304798126221
0.4078294038772583,5979,61,
0.4058302044868469,5989,61,
0.40843772888183594,5999,61,
0.41221439838409424,6009,61,
0.4098380208015442,6019,61,
0.41299888491630554,6029,61,
0.4078828692436218,6039,61,
0.41477257013320923,6049,61,
0.4081231951713562,6059,61,
0.4086785316467285,6069,61,
,6075,61,0.5418387651443481
0.40531063079833984,6079,62,
0.4051658809185028,6089,62,
0.4091590642929077,6099,62,
0.4191136956214905,6109,62,
0.419039249420166,6119,62,
0.41197508573532104,6129,62,
0.41025862097740173,6139,62,
0.40537118911743164,6149,62,
0.41301214694976807,6159,62,
0.41120630502700806,6169,62,
,6173,62,0.5321775674819946
0.4113878011703491,6179,63,
0.41926127672195435,6189,63,
0.40734004974365234,6199,63,
0.41509807109832764,6209,63,
0.41105154156684875,6219,63,
0.40537118911743164,6229,63,
0.41504108905792236,6239,63,
0.4088708162307739,6249,63,
0.4093018174171448,6259,63,
0.40787118673324585,6269,63,
,6271,63,0.5387459993362427
0.41145458817481995,6279,64,
0.4095195233821869,6289,64,
0.407109797000885,6299,64,
0.4056476354598999,6309,64,
0.41000354290008545,6319,64,
0.41448140144348145,6329,64,
0.4023747444152832,6339,64,
0.41148674488067627,6349,64,
0.4168833792209625,6359,64,
0.4024384021759033,6369,64,
,6369,64,0.5316307544708252
0.411781370639801,6379,65,
0.4053208827972412,6389,65,
0.4021787643432617,6399,65,
0.4038246273994446,6409,65,
0.4058775305747986,6419,65,
0.4067370295524597,6429,65,
0.401301771402359,6439,65,
0.4161425828933716,6449,65,
0.40808427333831787,6459,65,
,6467,65,0.5325823426246643
0.4035918712615967,6469,66,
0.41614651679992676,6479,66,
0.4112716317176819,6489,66,
0.41513538360595703,6499,66,
0.41030430793762207,6509,66,
0.4052518606185913,6519,66,
0.4095061421394348,6529,66,
0.4041591286659241,6539,66,
0.40551769733428955,6549,66,
0.3951946794986725,6559,66,
,6565,66,0.529962420463562
0.4045160114765167,6569,67,
0.40868842601776123,6579,67,
0.4125530421733856,6589,67,
0.41108664870262146,6599,67,
0.4052111506462097,6609,67,
0.4015878438949585,6619,67,
0.40966343879699707,6629,67,
0.4032944440841675,6639,67,
0.415262371301651,6649,67,
0.41602686047554016,6659,67,
,6663,67,0.53487628698349
0.4099123477935791,6669,68,
0.41236841678619385,6679,68,
0.4160212278366089,6689,68,
0.4053671360015869,6699,68,
0.4059717655181885,6709,68,
0.4099704623222351,6719,68,
0.414093017578125,6729,68,
0.40988805890083313,6739,68,
0.4206772446632385,6749,68,
0.4116435647010803,6759,68,
,6761,68,0.5368483662605286
0.40061599016189575,6769,69,
0.40755772590637207,6779,69,
0.40381920337677,6789,69,
0.4081496000289917,6799,69,
0.3974173665046692,6809,69,
0.4071428179740906,6819,69,
0.4114820957183838,6829,69,
0.40277087688446045,6839,69,
0.40227365493774414,6849,69,
0.39961951971054077,6859,69,
,6859,69,0.5353308320045471
0.4033482074737549,6869,70,
0.4062691032886505,6879,70,
0.4122990667819977,6889,70,
0.40906721353530884,6899,70,
0.4009101986885071,6909,70,
0.40610823035240173,6919,70,
0.40224701166152954,6929,70,
0.40014559030532837,6939,70,
0.39616918563842773,6949,70,
,6957,70,0.531889796257019
0.40668272972106934,6959,71,
0.4020999073982239,6969,71,
0.41060787439346313,6979,71,
0.4087653160095215,6989,71,
0.41224205493927,6999,71,
0.4200032949447632,7009,71,
0.4095748960971832,7019,71,
0.414145290851593,7029,71,
0.4144924283027649,7039,71,
0.40509992837905884,7049,71,
,7055,71,0.5363053679466248
0.3971100449562073,7059,72,
0.40119749307632446,7069,72,
0.4098115861415863,7079,72,
0.4037438929080963,7089,72,
0.4025479555130005,7099,72,
0.41263991594314575,7109,72,
0.414310097694397,7119,72,
0.4075118899345398,7129,72,
0.4058219790458679,7139,72,
0.3991120755672455,7149,72,
,7153,72,0.5430856943130493
0.40286320447921753,7159,73,
0.4057978391647339,7169,73,
0.40880346298217773,7179,73,
0.4035753011703491,7189,73,
0.40449613332748413,7199,73,
0.4016590416431427,7209,73,
0.4029400944709778,7219,73,
0.4121719300746918,7229,73,
0.40485653281211853,7239,73,
0.4022533893585205,7249,73,
,7251,73,0.5288918018341064
0.40350574254989624,7259,74,
0.4166146218776703,7269,74,
0.3991960287094116,7279,74,
0.40259456634521484,7289,74,
0.4051646590232849,7299,74,
0.4082264304161072,7309,74,
0.40651795268058777,7319,74,
0.41134095191955566,7329,74,
0.40714627504348755,7339,74,
0.4148501455783844,7349,74,
,7349,74,0.5344318151473999
0.4054168462753296,7359,75,
0.409940242767334,7369,75,
0.4062972664833069,7379,75,
0.40446561574935913,7389,75,
0.4084334373474121,7399,75,
0.4009590744972229,7409,75,
0.4057652950286865,7419,75,
0.40025708079338074,7429,75,
0.40462198853492737,7439,75,
,7447,75,0.5293856859207153
0.40640997886657715,7449,76,
0.4042414724826813,7459,76,
0.41255295276641846,7469,76,
0.4072464108467102,7479,76,
0.407035768032074,7489,76,
0.39903414249420166,7499,76,
0.4071490168571472,7509,76,
0.4018382430076599,7519,76,
0.4024077355861664,7529,76,
0.4000510275363922,7539,76,
,7545,76,0.5296369194984436
0.401253342628479,7549,77,
0.3966789245605469,7559,77,
0.3971651792526245,7569,77,
0.39991793036460876,7579,77,
0.3972014784812927,7589,77,
0.41059863567352295,7599,77,
0.39956575632095337,7609,77,
0.4146660566329956,7619,77,
0.4061221480369568,7629,77,
0.4036160707473755,7639,77,
,7643,77,0.5396752953529358
0.4040977358818054,7649,78,
0.4051244258880615,7659,78,
0.4219444990158081,7669,78,
0.40865445137023926,7679,78,
0.4120327830314636,7689,78,
0.406150758266449,7699,78,
0.40594732761383057,7709,78,
0.39788618683815,7719,78,
0.40241739153862,7729,78,
0.3991110324859619,7739,78,
,7741,78,0.5352993607521057
0.3956630825996399,7749,79,
0.40767329931259155,7759,79,
0.40809565782546997,7769,79,
0.4025183916091919,7779,79,
0.40019115805625916,7789,79,
0.4069877564907074,7799,79,
0.40904101729393005,7809,79,
0.4029361605644226,7819,79,
0.4079251289367676,7829,79,
0.40511614084243774,7839,79,
,7839,79,0.5359310507774353
0.4094468951225281,7849,80,
0.401711642742157,7859,80,
0.41298431158065796,7869,80,
0.4126533269882202,7879,80,
0.4038069546222687,7889,80,
0.39721205830574036,7899,80,
0.39911776781082153,7909,80,
0.4021929204463959,7919,80,
0.402099609375,7929,80,
,7937,80,0.5221539735794067
0.39718663692474365,7939,81,
0.4041208028793335,7949,81,
0.3932395577430725,7959,81,
0.3955483138561249,7969,81,
0.40972885489463806,7979,81,
0.40338969230651855,7989,81,
0.39992591738700867,7999,81,
0.39607712626457214,8009,81,
0.4061006009578705,8019,81,
0.4030469059944153,8029,81,
,8035,81,0.5459353923797607
0.4049610197544098,8039,82,
0.40147149562835693,8049,82,
0.3976949453353882,8059,82,
0.40483343601226807,8069,82,
0.4013201594352722,8079,82,
0.406838595867157,8089,82,
0.39936551451683044,8099,82,
0.4024297595024109,8109,82,
0.39829784631729126,8119,82,
0.4079297184944153,8129,82,
,8133,82,0.5371720194816589
0.4022071361541748,8139,83,
0.4036133885383606,8149,83,
0.40058374404907227,8159,83,
0.4012714624404907,8169,83,
0.40544718503952026,8179,83,
0.4107329249382019,8189,83,
0.40750497579574585,8199,83,
0.40451157093048096,8209,83,
0.40552645921707153,8219,83,
0.39710304141044617,8229,83,
,8231,83,0.5405661463737488
0.3973817825317383,8239,84,
0.400317907333374,8249,84,
0.41348695755004883,8259,84,
0.411070317029953,8269,84,
0.4095584452152252,8279,84,
0.40193742513656616,8289,84,
0.40845292806625366,8299,84,
0.40138620138168335,8309,84,
0.40372294187545776,8319,84,
0.3983094096183777,8329,84,
,8329,84,0.5369507074356079
0.4014154076576233,8339,85,
0.39593905210494995,8349,85,
0.39486294984817505,8359,85,
0.4052099585533142,8369,85,
0.402651846408844,8379,85,
0.40089258551597595,8389,85,
0.407498836517334,8399,85,
0.4044761657714844,8409,85,
0.4014664888381958,8419,85,
,8427,85,0.5330591797828674
0.4038306176662445,8429,86,
0.4090719223022461,8439,86,
0.4022698998451233,8449,86,
0.40618056058883667,8459,86,
0.40368184447288513,8469,86,
0.4091711640357971,8479,86,
0.4065755009651184,8489,86,
0.40177059173583984,8499,86,
0.40425169467926025,8509,86,
0.4061030149459839,8519,86,
,8525,86,0.5320990085601807
0.3975549638271332,8529,87,
0.3935413360595703,8539,87,
0.3990640640258789,8549,87,
0.4029428958892822,8559,87,
0.40018486976623535,8569,87,
0.4004982113838196,8579,87,
0.40485507249832153,8589,87,
0.3940853476524353,8599,87,
0.39452826976776123,8609,87,
0.4071587026119232,8619,87,
,8623,87,0.537437915802002
0.39861947298049927,8629,88,
0.3949369788169861,8639,88,
0.3963662385940552,8649,88,
0.39892110228538513,8659,88,
0.4007813334465027,8669,88,
0.3939753770828247,8679,88,
0.40536239743232727,8689,88,
0.3975982069969177,8699,88,
0.39859098196029663,8709,88,
0.3985186815261841,8719,88,
,8721,88,0.5319774150848389
0.4074617624282837,8729,89,
0.3984816074371338,8739,89,
0.393398255109787,8749,89,
0.40706753730773926,8759,89,
0.394144207239151,8769,89,
0.4000203013420105,8779,89,
0.401899129152298,8789,89,
0.40027812123298645,8799,89,
0.4047054350376129,8809,89,
0.4010303318500519,8819,89,
,8819,89,0.5318245887756348
0.4018520414829254,8829,90,
0.39808857440948486,8839,90,
0.39485999941825867,8849,90,
0.40020617842674255,8859,90,
0.3897508382797241,8869,90,
0.3990294337272644,8879,90,
0.4108288288116455,8889,90,
0.403316855430603,8899,90,
0.4023820161819458,8909,90,
,8917,90,0.5421676635742188
0.40026983618736267,8919,91,
0.39642858505249023,8929,91,
0.4011552035808563,8939,91,
0.3940473794937134,8949,91,
0.3960774540901184,8959,91,
0.3995274007320404,8969,91,
0.41332441568374634,8979,91,
0.3970370292663574,8989,91,
0.4077877402305603,8999,91,
0.3993474245071411,9009,91,
,9015,91,0.5378984212875366
0.3970854878425598,9019,92,
0.39248812198638916,9029,92,
0.3985963463783264,9039,92,
0.4002905488014221,9049,92,
0.4010617434978485,9059,92,
0.402046263217926,9069,92,
0.4001637399196625,9079,92,
0.3981434106826782,9089,92,
0.40701770782470703,9099,92,
0.3992938995361328,9109,92,
,9113,92,0.5264060497283936
0.3973957598209381,9119,93,
0.393987774848938,9129,93,
0.3969569802284241,9139,93,
0.40757620334625244,9149,93,
0.39351415634155273,9159,93,
0.40443694591522217,9169,93,
0.4010990858078003,9179,93,
0.39476269483566284,9189,93,
0.39862412214279175,9199,93,
0.39849403500556946,9209,93,
,9211,93,0.5349054932594299
0.3923521041870117,9219,94,
0.3950121998786926,9229,94,
0.4036449193954468,9239,94,
0.39697691798210144,9249,94,
0.404333233833313,9259,94,
0.4000154137611389,9269,94,
0.3962760269641876,9279,94,
0.40443724393844604,9289,94,
0.4070562422275543,9299,94,
0.40467745065689087,9309,94,
,9309,94,0.5410715937614441
0.40456047654151917,9319,95,
0.3928948640823364,9329,95,
0.38876989483833313,9339,95,
0.39808177947998047,9349,95,
0.39953285455703735,9359,95,
0.4063809812068939,9369,95,
0.39377641677856445,9379,95,
0.40404006838798523,9389,95,
0.41147470474243164,9399,95,
,9407,95,0.540766716003418
0.3963409662246704,9409,96,
0.4015246033668518,9419,96,
0.3989565074443817,9429,96,
0.4069710969924927,9439,96,
0.39807868003845215,9449,96,
0.395198792219162,9459,96,
0.3942945599555969,9469,96,
0.4026898741722107,9479,96,
0.3945038914680481,9489,96,
0.4022720456123352,9499,96,
,9505,96,0.5358044505119324
0.39567095041275024,9509,97,
0.3876444697380066,9519,97,
0.39203590154647827,9529,97,
0.3925321102142334,9539,97,
0.39492499828338623,9549,97,
0.40035295486450195,9559,97,
0.39879798889160156,9569,97,
0.4078810513019562,9579,97,
0.3973449468612671,9589,97,
0.4044313430786133,9599,97,
,9603,97,0.5376267433166504
0.3994520902633667,9609,98,
0.3967236876487732,9619,98,
0.3993244171142578,9629,98,
0.4025062322616577,9639,98,
0.3962457776069641,9649,98,
0.40727633237838745,9659,98,
0.3876299560070038,9669,98,
0.40127015113830566,9679,98,
0.3998901844024658,9689,98,
0.4014155864715576,9699,98,
,9701,98,0.5399531126022339
0.4007675349712372,9709,99,
0.3883354961872101,9719,99,
0.3985608220100403,9729,99,
0.406807541847229,9739,99,
0.3908854126930237,9749,99,
0.39806312322616577,9759,99,
0.38685643672943115,9769,99,
0.4061378240585327,9779,99,
0.3998679518699646,9789,99,
0.40279024839401245,9799,99,
,9799,99,0.5370886325836182
0.39657068252563477,9809,100,
0.3963133692741394,9819,100,
0.39698711037635803,9829,100,
0.3872230052947998,9839,100,
0.40003955364227295,9849,100,
0.3972729444503784,9859,100,
0.4000069499015808,9869,100,
0.3919713497161865,9879,100,
0.39518415927886963,9889,100,
,9897,100,0.539013683795929
0.4027729034423828,9899,101,
0.3991314172744751,9909,101,
0.4026948809623718,9919,101,
0.39830267429351807,9929,101,
0.3915260136127472,9939,101,
0.4041425585746765,9949,101,
0.401968777179718,9959,101,
0.39790764451026917,9969,101,
0.39764463901519775,9979,101,
0.4037930369377136,9989,101,
,9995,101,0.5392929911613464
0.3988206684589386,9999,102,
0.3988592028617859,10009,102,
0.3880947232246399,10019,102,
0.3968672752380371,10029,102,
0.40401095151901245,10039,102,
0.39691483974456787,10049,102,
0.3922273516654968,10059,102,
0.3991076946258545,10069,102,
0.40100717544555664,10079,102,
0.4027709364891052,10089,102,
,10093,102,0.5341957807540894
0.4021580219268799,10099,103,
0.4034872055053711,10109,103,
0.39781469106674194,10119,103,
0.4059387445449829,10129,103,
0.39641934633255005,10139,103,
0.40059351921081543,10149,103,
0.3942471742630005,10159,103,
0.39692914485931396,10169,103,
0.3917117118835449,10179,103,
0.3929632902145386,10189,103,
,10191,103,0.5385290384292603
0.3984636664390564,10199,104,
0.39205753803253174,10209,104,
0.40176594257354736,10219,104,
0.39397457242012024,10229,104,
0.3960333466529846,10239,104,
0.39890056848526,10249,104,
0.3994981646537781,10259,104,
0.397134006023407,10269,104,
0.4000275731086731,10279,104,
0.4004867374897003,10289,104,
,10289,104,0.5453764200210571
0.39317208528518677,10299,105,
0.3949200212955475,10309,105,
0.3905373215675354,10319,105,
0.39853447675704956,10329,105,
0.39154765009880066,10339,105,
0.4023933410644531,10349,105,
0.3921191692352295,10359,105,
0.40099823474884033,10369,105,
0.39330828189849854,10379,105,
,10387,105,0.5333326458930969
0.3954736590385437,10389,106,
0.3969358205795288,10399,106,
0.3938634395599365,10409,106,
0.39074134826660156,10419,106,
0.39011257886886597,10429,106,
0.38723623752593994,10439,106,
0.4039722681045532,10449,106,
0.39467859268188477,10459,106,
0.39779895544052124,10469,106,
0.4070591330528259,10479,106,
,10485,106,0.5453937649726868
0.39037442207336426,10489,107,
0.39589187502861023,10499,107,
0.3935452103614807,10509,107,
0.39327892661094666,10519,107,
0.3954894542694092,10529,107,
0.3900589346885681,10539,107,
0.3909791111946106,10549,107,
0.39819979667663574,10559,107,
0.3984989523887634,10569,107,
0.3981592059135437,10579,107,
,10583,107,0.5475713014602661
0.39199966192245483,10589,108,
0.39377981424331665,10599,108,
0.400417685508728,10609,108,
0.38471126556396484,10619,108,
0.3997090458869934,10629,108,
0.39692506194114685,10639,108,
0.39866986870765686,10649,108,
0.3893188238143921,10659,108,
0.39473068714141846,10669,108,
0.4017215371131897,10679,108,
,10681,108,0.5384035706520081
0.39942026138305664,10689,109,
0.39315807819366455,10699,109,
0.39458566904067993,10709,109,
0.39420390129089355,10719,109,
0.3938574492931366,10729,109,
0.3929704427719116,10739,109,
0.397128164768219,10749,109,
0.4036617875099182,10759,109,
0.39191633462905884,10769,109,
0.400133341550827,10779,109,
,10779,109,0.5304222702980042
0.39564216136932373,10789,110,
0.39538925886154175,10799,110,
0.3970939517021179,10809,110,
0.3897632956504822,10819,110,
0.40010616183280945,10829,110,
0.39077287912368774,10839,110,
0.39374005794525146,10849,110,
0.3896423578262329,10859,110,
0.4008936285972595,10869,110,
,10877,110,0.5355597138404846
0.3885437250137329,10879,111,
0.39613720774650574,10889,111,
0.4017254710197449,10899,111,
0.39745569229125977,10909,111,
0.3966236412525177,10919,111,
0.40493959188461304,10929,111,
0.3918900489807129,10939,111,
0.38655710220336914,10949,111,
0.3936442732810974,10959,111,
0.3988518714904785,10969,111,
,10975,111,0.5320054888725281
0.38851556181907654,10979,112,
0.3951261639595032,10989,112,
0.3940553069114685,10999,112,
0.38208627700805664,11009,112,
0.3966813087463379,11019,112,
0.38941019773483276,11029,112,
0.3954622745513916,11039,112,
0.38989555835723877,11049,112,
0.40178757905960083,11059,112,
0.3968910574913025,11069,112,
,11073,112,0.5378167033195496
0.3880619406700134,11079,113,
0.40326157212257385,11089,113,
0.3878035545349121,11099,113,
0.394936203956604,11109,113,
0.38982272148132324,11119,113,
0.3976868987083435,11129,113,
0.39962148666381836,11139,113,
0.39537179470062256,11149,113,
0.39431869983673096,11159,113,
0.38453227281570435,11169,113,
,11171,113,0.535734236240387
0.39977917075157166,11179,114,
0.3967445492744446,11189,114,
0.38862472772598267,11199,114,
0.39829695224761963,11209,114,
0.39545032382011414,11219,114,
0.39819425344467163,11229,114,
0.3939725458621979,11239,114,
0.38999879360198975,11249,114,
0.38641250133514404,11259,114,
0.39728519320487976,11269,114,
,11269,114,0.5412240028381348
0.39205408096313477,11279,115,
0.3945450484752655,11289,115,
0.3955773115158081,11299,115,
0.39232927560806274,11309,115,
0.397296667098999,11319,115,
0.3772261142730713,11329,115,
0.39859509468078613,11339,115,
0.3978860378265381,11349,115,
0.39997395873069763,11359,115,
,11367,115,0.5359706878662109
0.39110034704208374,11369,116,
0.3931397795677185,11379,116,
0.3901035785675049,11389,116,
0.38862186670303345,11399,116,
0.397031307220459,11409,116,
0.39833736419677734,11419,116,
0.3896642327308655,11429,116,
0.38921523094177246,11439,116,
0.3929480314254761,11449,116,
0.39574700593948364,11459,116,
,11465,116,0.5343936681747437
0.3917604684829712,11469,117,
0.3929799795150757,11479,117,
0.3966463804244995,11489,117,
0.3979620337486267,11499,117,
0.3878363370895386,11509,117,
0.38509032130241394,11519,117,
0.3956739902496338,11529,117,
0.3889257311820984,11539,117,
0.39170581102371216,11549,117,
0.3929233253002167,11559,117,
,11563,117,0.5319259166717529
0.3836878538131714,11569,118,
0.39325329661369324,11579,118,
0.3880521059036255,11589,118,
0.394294798374176,11599,118,
0.38927823305130005,11609,118,
0.3929145932197571,11619,118,
0.40180540084838867,11629,118,
0.3962441682815552,11639,118,
0.38937613368034363,11649,118,
0.39728251099586487,11659,118,
,11661,118,0.5373963713645935
0.3849763870239258,11669,119,
0.3978669345378876,11679,119,
0.3915100395679474,11689,119,
0.3911277949810028,11699,119,
0.38959819078445435,11709,119,
0.3992302417755127,11719,119,
0.3898245096206665,11729,119,
0.39509886503219604,11739,119,
0.39552032947540283,11749,119,
0.40007245540618896,11759,119,
,11759,119,0.5349079370498657
0.3777848184108734,11769,120,
0.3870772421360016,11779,120,
0.38956502079963684,11789,120,
0.39547431468963623,11799,120,
0.3960596024990082,11809,120,
0.39400821924209595,11819,120,
0.3884240388870239,11829,120,
0.3957263231277466,11839,120,
0.3899678587913513,11849,120,
,11857,120,0.5377227663993835
0.39283624291419983,11859,121,
0.3898988664150238,11869,121,
0.39134305715560913,11879,121,
0.3944705128669739,11889,121,
0.3959802985191345,11899,121,
0.3847814202308655,11909,121,
0.3975582420825958,11919,121,
0.3934844136238098,11929,121,
0.3951587378978729,11939,121,
0.3922806978225708,11949,121,
,11955,121,0.5407764315605164
0.39664825797080994,11959,122,
0.3925750255584717,11969,122,
0.3886704444885254,11979,122,
0.398149311542511,11989,122,
0.38833069801330566,11999,122,
0.39309120178222656,12009,122,
0.388857364654541,12019,122,
0.38936468958854675,12029,122,
0.39044129848480225,12039,122,
0.3963876962661743,12049,122,
,12053,122,0.5375173091888428
0.3893953859806061,12059,123,
0.38853248953819275,12069,123,
0.39776310324668884,12079,123,
0.3909739553928375,12089,123,
0.38656851649284363,12099,123,
0.39156341552734375,12109,123,
0.39313822984695435,12119,123,
0.3921191692352295,12129,123,
0.39672738313674927,12139,123,
0.3974480628967285,12149,123,
,12151,123,0.536271870136261
0.39393824338912964,12159,124,
0.38261327147483826,12169,124,
0.40041154623031616,12179,124,
0.3913746476173401,12189,124,
0.3901020288467407,12199,124,
0.39145493507385254,12209,124,
0.39038342237472534,12219,124,
0.3847106993198395,12229,124,
0.388035386800766,12239,124,
0.3926692008972168,12249,124,
,12249,124,0.5365310311317444
0.38910144567489624,12259,125,
0.3936089873313904,12269,125,
0.3928288221359253,12279,125,
0.3864218592643738,12289,125,
0.389051616191864,12299,125,
0.3876100182533264,12309,125,
0.3896368145942688,12319,125,
0.396573543548584,12329,125,
0.3909536302089691,12339,125,
,12347,125,0.5417432188987732
0.3870927691459656,12349,126,
0.38469749689102173,12359,126,
0.39464056491851807,12369,126,
0.385204553604126,12379,126,
0.386504590511322,12389,126,
0.39081841707229614,12399,126,
0.3916815221309662,12409,126,
0.3857610821723938,12419,126,
0.39581191539764404,12429,126,
0.39816513657569885,12439,126,
,12445,126,0.5340725183486938
0.39000028371810913,12449,127,
0.38927531242370605,12459,127,
0.39781808853149414,12469,127,
0.3842112421989441,12479,127,
0.3867188096046448,12489,127,
0.3927139639854431,12499,127,
0.38959836959838867,12509,127,
0.3964260220527649,12519,127,
0.3918575346469879,12529,127,
0.39077067375183105,12539,127,
,12543,127,0.5412789583206177
0.3914187550544739,12549,128,
0.3894951343536377,12559,128,
0.38683485984802246,12569,128,
0.39580172300338745,12579,128,
0.38735008239746094,12589,128,
0.3964635729789734,12599,128,
0.3907861113548279,12609,128,
0.3909451365470886,12619,128,
0.38514432311058044,12629,128,
0.39101845026016235,12639,128,
,12641,128,0.5340147614479065
0.3796096444129944,12649,129,
0.3831285834312439,12659,129,
0.3853400945663452,12669,129,
0.3911900520324707,12679,129,
0.39170798659324646,12689,129,
0.39221036434173584,12699,129,
0.38723698258399963,12709,129,
0.38347625732421875,12719,129,
0.3926067650318146,12729,129,
0.38865935802459717,12739,129,
,12739,129,0.5352115035057068
0.3871493339538574,12749,130,
0.38950103521347046,12759,130,
0.3937000632286072,12769,130,
0.38345402479171753,12779,130,
0.3943135142326355,12789,130,
0.3890224099159241,12799,130,
0.39413464069366455,12809,130,
0.3911288380622864,12819,130,
0.39639145135879517,12829,130,
,12837,130,0.5391823649406433
0.3932678699493408,12839,131,
0.3854503035545349,12849,131,
0.3969815969467163,12859,131,
0.38456302881240845,12869,131,
0.3830978274345398,12879,131,
0.38608601689338684,12889,131,
0.38908326625823975,12899,131,
0.38889169692993164,12909,131,
0.3850059509277344,12919,131,
0.38642191886901855,12929,131,
,12935,131,0.5405830144882202
0.3861001133918762,12939,132,
0.3850640654563904,12949,132,
0.3897060453891754,12959,132,
0.3907778859138489,12969,132,
0.3911709189414978,12979,132,
0.3868514597415924,12989,132,
0.38703009486198425,12999,132,
0.39229562878608704,13009,132,
0.39439207315444946,13019,132,
0.37866854667663574,13029,132,
,13033,132,0.533423662185669
0.39247754216194153,13039,133,
0.3770723342895508,13049,133,
0.3824719786643982,13059,133,
0.38448458909988403,13069,133,
0.38571083545684814,13079,133,
0.3854849934577942,13089,133,
0.39800721406936646,13099,133,
0.38815832138061523,13109,133,
0.3883109986782074,13119,133,
0.3904152512550354,13129,133,
,13131,133,0.5365510582923889
0.38874876499176025,13139,134,
0.3868287205696106,13149,134,
0.38298940658569336,13159,134,
0.38773441314697266,13169,134,
0.38513338565826416,13179,134,
0.38777387142181396,13189,134,
0.38019031286239624,13199,134,
0.3891099691390991,13209,134,
0.38295990228652954,13219,134,
0.389717698097229,13229,134,
,13229,134,0.5377562046051025
0.38385528326034546,13239,135,
0.3858790397644043,13249,135,
0.38562148809432983,13259,135,
0.39077675342559814,13269,135,
0.3824257552623749,13279,135,
0.3837537169456482,13289,135,
0.3895576596260071,13299,135,
0.37856733798980713,13309,135,
0.39020252227783203,13319,135,
,13327,135,0.54106205701828
0.38852691650390625,13329,136,
0.3915674686431885,13339,136,
0.38306331634521484,13349,136,
0.37642356753349304,13359,136,
0.3892568349838257,13369,136,
0.3888872563838959,13379,136,
0.3885120153427124,13389,136,
0.39209961891174316,13399,136,
0.3862052857875824,13409,136,
0.379750519990921,13419,136,
,13425,136,0.5363202095031738
0.3891405761241913,13429,137,
0.38287362456321716,13439,137,
0.3864116668701172,13449,137,
0.39235326647758484,13459,137,
0.3844330906867981,13469,137,
0.39237529039382935,13479,137,
0.38472723960876465,13489,137,
0.3914589285850525,13499,137,
0.3842709958553314,13509,137,
0.38631707429885864,13519,137,
,13523,137,0.5435161590576172
0.38767778873443604,13529,138,
0.3830353021621704,13539,138,
0.3858734369277954,13549,138,
0.37805691361427307,13559,138,
0.38596951961517334,13569,138,
0.3976764380931854,13579,138,
0.38558849692344666,13589,138,
0.38364046812057495,13599,138,
0.3861069679260254,13609,138,
0.38402771949768066,13619,138,
,13621,138,0.5394317507743835
0.3860905170440674,13629,139,
0.3981449007987976,13639,139,
0.3837496042251587,13649,139,
0.38981539011001587,13659,139,
0.38921448588371277,13669,139,
0.38769859075546265,13679,139,
0.38165754079818726,13689,139,
0.38678866624832153,13699,139,
0.3851538896560669,13709,139,
0.3915611207485199,13719,139,
,13719,139,0.5393187403678894
0.38394099473953247,13729,140,
0.3826509416103363,13739,140,
0.379090279340744,13749,140,
0.37841081619262695,13759,140,
0.38722115755081177,13769,140,
0.39366722106933594,13779,140,
0.3925530016422272,13789,140,
0.38686150312423706,13799,140,
0.38787585496902466,13809,140,
,13817,140,0.5488917231559753
0.38617071509361267,13819,141,
0.3821416199207306,13829,141,
0.3936917185783386,13839,141,
0.3888040781021118,13849,141,
0.3797018826007843,13859,141,
0.3765210211277008,13869,141,
0.38900893926620483,13879,141,
0.39062389731407166,13889,141,
0.38813722133636475,13899,141,
0.383836567401886,13909,141,
,13915,141,0.5361718535423279
0.3909963071346283,13919,142,
0.38830143213272095,13929,142,
0.38979870080947876,13939,142,
0.39153817296028137,13949,142,
0.3827584385871887,13959,142,
0.38938266038894653,13969,142,
0.3910646438598633,13979,142,
0.37884020805358887,13989,142,
0.38670533895492554,13999,142,
0.3871760070323944,14009,142,
,14013,142,0.53876131772995
0.3942534923553467,14019,143,
0.3879356384277344,14029,143,
0.3880431354045868,14039,143,
0.3936682939529419,14049,143,
0.3940750062465668,14059,143,
0.38671839237213135,14069,143,
0.3949189782142639,14079,143,
0.3922104835510254,14089,143,
0.3840261399745941,14099,143,
0.38489192724227905,14109,143,
,14111,143,0.5429123044013977
0.3807235360145569,14119,144,
0.3853643238544464,14129,144,
0.3844072222709656,14139,144,
0.3849307894706726,14149,144,
0.38456690311431885,14159,144,
0.3869627118110657,14169,144,
0.3838844895362854,14179,144,
0.3879619538784027,14189,144,
0.3805694580078125,14199,144,
0.3864443600177765,14209,144,
,14209,144,0.543832540512085
0.38924211263656616,14219,145,
0.3788043260574341,14229,145,
0.3873504400253296,14239,145,
0.3845662474632263,14249,145,
0.38556596636772156,14259,145,
0.37426823377609253,14269,145,
0.3871910572052002,14279,145,
0.38774198293685913,14289,145,
0.3882272243499756,14299,145,
,14307,145,0.5448890328407288
0.38402310013771057,14309,146,
0.37430381774902344,14319,146,
0.3819229006767273,14329,146,
0.38020914793014526,14339,146,
0.37932276725769043,14349,146,
0.38269853591918945,14359,146,
0.3837992548942566,14369,146,
0.3863365650177002,14379,146,
0.38285282254219055,14389,146,
0.38895875215530396,14399,146,
,14405,146,0.5384643077850342
0.38639333844184875,14409,147,
0.3806654214859009,14419,147,
0.38734984397888184,14429,147,
0.38508522510528564,14439,147,
0.3901829421520233,14449,147,
0.3842758536338806,14459,147,
0.38720834255218506,14469,147,
0.38309144973754883,14479,147,
0.3890698552131653,14489,147,
0.380592405796051,14499,147,
,14503,147,0.5402143001556396
0.38448870182037354,14509,148,
0.38836127519607544,14519,148,
0.38704967498779297,14529,148,
0.37490314245224,14539,148,
0.37334978580474854,14549,148,
0.3827431797981262,14559,148,
0.3852003216743469,14569,148,
0.3856407105922699,14579,148,
0.3746914267539978,14589,148,
0.387613445520401,14599,148,
,14601,148,0.5430789589881897
0.3864856958389282,14609,149,
0.38852912187576294,14619,149,
0.38134831190109253,14629,149,
0.3805798888206482,14639,149,
0.38749760389328003,14649,149,
0.3799605667591095,14659,149,
0.38531494140625,14669,149,
0.38571077585220337,14679,149,
0.38573282957077026,14689,149,
0.38988834619522095,14699,149,
,14699,149,0.5449748039245605
0.3821074366569519,14709,150,
0.3818337321281433,14719,150,
0.3829154670238495,14729,150,
0.38407576084136963,14739,150,
0.38242262601852417,14749,150,
0.3844616711139679,14759,150,
0.3829672336578369,14769,150,
0.37831711769104004,14779,150,
0.382842481136322,14789,150,
,14797,150,0.5456862449645996
0.38746944069862366,14799,151,
0.38641828298568726,14809,151,
0.38210657238960266,14819,151,
0.3904651403427124,14829,151,
0.38596171140670776,14839,151,
0.3798981308937073,14849,151,
0.3912365436553955,14859,151,
0.3866437077522278,14869,151,
0.3883616626262665,14879,151,
0.38226908445358276,14889,151,
,14895,151,0.5485634207725525
0.3931644558906555,14899,152,
0.38576626777648926,14909,152,
0.3739524185657501,14919,152,
0.38428688049316406,14929,152,
0.38624107837677,14939,152,
0.3759418725967407,14949,152,
0.3811952769756317,14959,152,
0.3917396068572998,14969,152,
0.3844773471355438,14979,152,
0.383159339427948,14989,152,
,14993,152,0.5417059659957886
0.3788047134876251,14999,153,
0.38660937547683716,15009,153,
0.39349496364593506,15019,153,
0.37698569893836975,15029,153,
0.3833204507827759,15039,153,
0.3809609115123749,15049,153,
0.3719778060913086,15059,153,
0.3818889260292053,15069,153,
0.3864670693874359,15079,153,
0.3753906786441803,15089,153,
,15091,153,0.5439820885658264
0.37937915325164795,15099,154,
0.38042789697647095,15109,154,
0.3775094449520111,15119,154,
0.3894924819469452,15129,154,
0.3735518455505371,15139,154,
0.38031667470932007,15149,154,
0.38872236013412476,15159,154,
0.38320887088775635,15169,154,
0.3869445025920868,15179,154,
0.38615337014198303,15189,154,
,15189,154,0.5401430726051331
0.3897775411605835,15199,155,
0.3836286664009094,15209,155,
0.3849599063396454,15219,155,
0.3834378123283386,15229,155,
0.3842756152153015,15239,155,
0.38172078132629395,15249,155,
0.3803555369377136,15259,155,
0.38371941447257996,15269,155,
0.38241147994995117,15279,155,
,15287,155,0.5460233688354492
0.3772594928741455,15289,156,
0.3857031464576721,15299,156,
0.38388779759407043,15309,156,
0.37704727053642273,15319,156,
0.3765849173069,15329,156,
0.3884240388870239,15339,156,
0.3815656304359436,15349,156,
0.3804577589035034,15359,156,
0.3811604976654053,15369,156,
0.3873761296272278,15379,156,
,15385,156,0.5428596138954163
0.3766106963157654,15389,157,
0.3749386668205261,15399,157,
0.3853605389595032,15409,157,
0.381864070892334,15419,157,
0.3826940655708313,15429,157,
0.37620460987091064,15439,157,
0.3793286085128784,15449,157,
0.3811747431755066,15459,157,
0.38265883922576904,15469,157,
0.38086462020874023,15479,157,
,15483,157,0.5444250702857971
0.3754960298538208,15489,158,
0.38040852546691895,15499,158,
0.3775826096534729,15509,158,
0.38223448395729065,15519,158,
0.3775745630264282,15529,158,
0.3773285746574402,15539,158,
0.3794727325439453,15549,158,
0.37989217042922974,15559,158,
0.3821735978126526,15569,158,
0.39141321182250977,15579,158,
,15581,158,0.5483229756355286
0.3760906159877777,15589,159,
0.3821699917316437,15599,159,
0.38047540187835693,15609,159,
0.3830479085445404,15619,159,
0.3708750605583191,15629,159,
0.37682002782821655,15639,159,
0.3856457769870758,15649,159,
0.38177788257598877,15659,159,
0.38528889417648315,15669,159,
0.38086339831352234,15679,159,
,15679,159,0.5475384593009949
0.38042598962783813,15689,160,
0.3790431618690491,15699,160,
0.3879217505455017,15709,160,
0.3858188986778259,15719,160,
0.3838677406311035,15729,160,
0.3789704740047455,15739,160,
0.3858061730861664,15749,160,
0.3785928785800934,15759,160,
0.3801195025444031,15769,160,
,15777,160,0.5483695864677429
0.3813049793243408,15779,161,
0.3839991092681885,15789,161,
0.3852000832557678,15799,161,
0.37805235385894775,15809,161,
0.3790862262248993,15819,161,
0.37562739849090576,15829,161,
0.3823871314525604,15839,161,
0.38714122772216797,15849,161,
0.38047128915786743,15859,161,
0.38274645805358887,15869,161,
,15875,161,0.545660138130188
0.37334609031677246,15879,162,
0.3818126916885376,15889,162,
0.378109872341156,15899,162,
0.3706374764442444,15909,162,
0.3758890628814697,15919,162,
0.3831658661365509,15929,162,
0.3754914402961731,15939,162,
0.38382938504219055,15949,162,
0.3856769800186157,15959,162,
0.383197546005249,15969,162,
,15973,162,0.5516038537025452
0.37386274337768555,15979,163,
0.3748399019241333,15989,163,
0.3830025792121887,15999,163,
0.3878389000892639,16009,163,
0.37947753071784973,16019,163,
0.3865155875682831,16029,163,
0.3801969289779663,16039,163,
0.3777271807193756,16049,163,
0.37951546907424927,16059,163,
0.37863242626190186,16069,163,
,16071,163,0.5511764883995056
0.38017725944519043,16079,164,
0.38210076093673706,16089,164,
0.37706637382507324,16099,164,
0.3763485550880432,16109,164,
0.38162392377853394,16119,164,
0.38985639810562134,16129,164,
0.3802916407585144,16139,164,
0.38398659229278564,16149,164,
0.376078724861145,16159,164,
0.38521069288253784,16169,164,
,16169,164,0.5513069033622742
0.375063419342041,16179,165,
0.37486106157302856,16189,165,
0.3800696134567261,16199,165,
0.37502673268318176,16209,165,
0.3821631073951721,16219,165,
0.3861936032772064,16229,165,
0.3809257745742798,16239,165,
0.38030368089675903,16249,165,
0.38633257150650024,16259,165,
,16267,165,0.5538657307624817
0.3770570755004883,16269,166,
0.3828253149986267,16279,166,
0.37820273637771606,16289,166,
0.3697437345981598,16299,166,
0.38398924469947815,16309,166,
0.38178232312202454,16319,166,
0.39109230041503906,16329,166,
0.38221073150634766,16339,166,
0.3826135993003845,16349,166,
0.3782804608345032,16359,166,
,16365,166,0.5492776036262512
0.3779352307319641,16369,167,
0.37911343574523926,16379,167,
0.3810190260410309,16389,167,
0.3744433522224426,16399,167,
0.38141024112701416,16409,167,
0.3852744996547699,16419,167,
0.38443630933761597,16429,167,
0.3839277923107147,16439,167,
0.3835015594959259,16449,167,
0.3768278658390045,16459,167,
,16463,167,0.5490079522132874
0.3740173578262329,16469,168,
0.38222992420196533,16479,168,
0.3743603825569153,16489,168,
0.38025081157684326,16499,168,
0.38131019473075867,16509,168,
0.37848934531211853,16519,168,
0.37967973947525024,16529,168,
0.37813276052474976,16539,168,
0.37612205743789673,16549,168,
0.3764280676841736,16559,168,
,16561,168,0.5569173693656921
0.3760415017604828,16569,169,
0.38213714957237244,16579,169,
0.37520909309387207,16589,169,
0.3794039785861969,16599,169,
0.3827999234199524,16609,169,
0.3745018243789673,16619,169,
0.3787141442298889,16629,169,
0.3766237199306488,16639,169,
0.3738492727279663,16649,169,
0.3761160373687744,16659,169,
,16659,169,0.5475913286209106
0.37900686264038086,16669,170,
0.3762316405773163,16679,170,
0.37997230887413025,16689,170,
0.38353508710861206,16699,170,
0.37679004669189453,16709,170,
0.38508594036102295,16719,170,
0.37552374601364136,16729,170,
0.37512996792793274,16739,170,
0.38068780303001404,16749,170,
,16757,170,0.5442377924919128
0.3767920732498169,16759,171,
0.3723682165145874,16769,171,
0.3862483501434326,16779,171,
0.38251620531082153,16789,171,
0.38796237111091614,16799,171,
0.37489384412765503,16809,171,
0.3807128071784973,16819,171,
0.3803673982620239,16829,171,
0.37978601455688477,16839,171,
0.3744726777076721,16849,171,
,16855,171,0.5468054413795471
0.3736214339733124,16859,172,
0.37553006410598755,16869,172,
0.3711475729942322,16879,172,
0.3859625458717346,16889,172,
0.38779371976852417,16899,172,
0.3773473799228668,16909,172,
0.3772171139717102,16919,172,
0.38332492113113403,16929,172,
0.3785952925682068,16939,172,
0.3698955178260803,16949,172,
,16953,172,0.5499619841575623
0.3768036663532257,16959,173,
0.3747810125350952,16969,173,
0.3768159747123718,16979,173,
0.37738320231437683,16989,173,
0.38320496678352356,16999,173,
0.3768169581890106,17009,173,
0.3687782883644104,17019,173,
0.37360185384750366,17029,173,
0.37812691926956177,17039,173,
0.3790780305862427,17049,173,
,17051,173,0.5565628409385681
0.382016658782959,17059,174,
0.3688144087791443,17069,174,
0.37814852595329285,17079,174,
0.3741018772125244,17089,174,
0.37694501876831055,17099,174,
0.37286412715911865,17109,174,
0.3748573064804077,17119,174,
0.37299424409866333,17129,174,
0.37650954723358154,17139,174,
0.38074609637260437,17149,174,
,17149,174,0.5589733719825745
0.36846229434013367,17159,175,
0.37687772512435913,17169,175,
0.3785931169986725,17179,175,
0.3782304525375366,17189,175,
0.3747665584087372,17199,175,
0.376998633146286,17209,175,
0.3749730587005615,17219,175,
0.37866130471229553,17229,175,
0.3814724087715149,17239,175,
,17247,175,0.5489632487297058
0.3804200291633606,17249,176,
0.37487509846687317,17259,176,
0.37269169092178345,17269,176,
0.37359049916267395,17279,176,
0.37854665517807007,17289,176,
0.3792630136013031,17299,176,
0.37749403715133667,17309,176,
0.37028586864471436,17319,176,
0.37070584297180176,17329,176,
0.37806278467178345,17339,176,
,17345,176,0.5532029867172241
0.3658044934272766,17349,177,
0.3739444613456726,17359,177,
0.3757418394088745,17369,177,
0.3703620433807373,17379,177,
0.37966498732566833,17389,177,
0.3745356798171997,17399,177,
0.3797450661659241,17409,177,
0.3783531188964844,17419,177,
0.37507277727127075,17429,177,
0.3783400058746338,17439,177,
,17443,177,0.5472360253334045
0.3795897364616394,17449,178,
0.37637609243392944,17459,178,
0.3827294707298279,17469,178,
0.37825530767440796,17479,178,
0.3770694434642792,17489,178,
0.37783271074295044,17499,178,
0.3716784119606018,17509,178,
0.3838859498500824,17519,178,
0.3685712218284607,17529,178,
0.37542325258255005,17539,178,
,17541,178,0.5595844984054565
0.3730163872241974,17549,179,
0.3798865079879761,17559,179,
0.37252378463745117,17569,179,
0.3803630471229553,17579,179,
0.37600409984588623,17589,179,
0.3811659812927246,17599,179,
0.3715687394142151,17609,179,
0.3780933618545532,17619,179,
0.3721131682395935,17629,179,
0.38340508937835693,17639,179,
,17639,179,0.5351534485816956
0.3725592792034149,17649,180,
0.3757164478302002,17659,180,
0.3711097836494446,17669,180,
0.37487632036209106,17679,180,
0.3710278868675232,17689,180,
0.37251922488212585,17699,180,
0.3802763819694519,17709,180,
0.37934985756874084,17719,180,
0.37654387950897217,17729,180,
,17737,180,0.5490040183067322
0.37345999479293823,17739,181,
0.3728870153427124,17749,181,
0.37674951553344727,17759,181,
0.3769912123680115,17769,181,
0.38281261920928955,17779,181,
0.376075804233551,17789,181,
0.37838202714920044,17799,181,
0.3651752769947052,17809,181,
0.37535548210144043,17819,181,
0.3706614077091217,17829,181,
,17835,181,0.5411223769187927
0.3817446827888489,17839,182,
0.3748299777507782,17849,182,
0.3684908151626587,17859,182,
0.36965325474739075,17869,182,
0.38086360692977905,17879,182,
0.3830614686012268,17889,182,
0.37066930532455444,17899,182,
0.375154972076416,17909,182,
0.3728981614112854,17919,182,
0.3691341280937195,17929,182,
,17933,182,0.5486332774162292
0.3802795112133026,17939,183,
0.36653465032577515,17949,183,
0.3722512722015381,17959,183,
0.37023794651031494,17969,183,
0.3763478994369507,17979,183,
0.3750433325767517,17989,183,
0.37566936016082764,17999,183,
0.3745022416114807,18009,183,
0.3750936985015869,18019,183,
0.37310683727264404,18029,183,
,18031,183,0.5503371953964233
0.3701401352882385,18039,184,
0.37140989303588867,18049,184,
0.3721068799495697,18059,184,
0.3750569820404053,18069,184,
0.3739357590675354,18079,184,
0.3826240301132202,18089,184,
0.3729156255722046,18099,184,
0.37266162037849426,18109,184,
0.3717086911201477,18119,184,
0.3675768971443176,18129,184,
,18129,184,0.5453965067863464
0.3710480332374573,18139,185,
0.371826708316803,18149,185,
0.36727142333984375,18159,185,
0.37465792894363403,18169,185,
0.3743601441383362,18179,185,
0.38200944662094116,18189,185,
0.3746989965438843,18199,185,
0.3703557848930359,18209,185,
0.3682842254638672,18219,185,
,18227,185,0.5423730611801147
0.3661786913871765,18229,186,
0.36980104446411133,18239,186,
0.3767944276332855,18249,186,
0.37470877170562744,18259,186,
0.3697216808795929,18269,186,
0.37559449672698975,18279,186,
0.3737582564353943,18289,186,
0.3745405673980713,18299,186,
0.37399882078170776,18309,186,
0.36974018812179565,18319,186,
,18325,186,0.5433706045150757
0.3817251920700073,18329,187,
0.37567609548568726,18339,187,
0.37700945138931274,18349,187,
0.38013124465942383,18359,187,
0.371183842420578,18369,187,
0.37164604663848877,18379,187,
0.3681974709033966,18389,187,
0.371873676776886,18399,187,
0.37283140420913696,18409,187,
0.3852691352367401,18419,187,
,18423,187,0.5508044958114624
0.3698795735836029,18429,188,
0.3777957558631897,18439,188,
0.3706970512866974,18449,188,
0.37643563747406006,18459,188,
0.3649975657463074,18469,188,
0.37062713503837585,18479,188,
0.3727359175682068,18489,188,
0.3703766465187073,18499,188,
0.37189429998397827,18509,188,
0.37435320019721985,18519,188,
,18521,188,0.5476003289222717
0.3712191581726074,18529,189,
0.370785653591156,18539,189,
0.37628355622291565,18549,189,
0.36916953325271606,18559,189,
0.37955784797668457,18569,189,
0.3741542398929596,18579,189,
0.3631369173526764,18589,189,
0.36876416206359863,18599,189,
0.37431174516677856,18609,189,
0.3598838746547699,18619,189,
,18619,189,0.5517276525497437
0.3757156729698181,18629,190,
0.3756943345069885,18639,190,
0.3647420406341553,18649,190,
0.37054914236068726,18659,190,
0.3729725778102875,18669,190,
0.3676467537879944,18679,190,
0.37155237793922424,18689,190,
0.37894684076309204,18699,190,
0.3708112835884094,18709,190,
,18717,190,0.5531183481216431
0.37099015712738037,18719,191,
0.37779247760772705,18729,191,
0.3722572922706604,18739,191,
0.37270253896713257,18749,191,
0.37056541442871094,18759,191,
0.36799901723861694,18769,191,
0.36560696363449097,18779,191,
0.3772345185279846,18789,191,
0.3680533766746521,18799,191,
0.3696604073047638,18809,191,
,18815,191,0.5601829886436462
0.3739916682243347,18819,192,
0.3666899800300598,18829,192,
0.3699702024459839,18839,192,
0.3655952215194702,18849,192,
0.3729487657546997,18859,192,
0.3701430559158325,18869,192,
0.3721160888671875,18879,192,
0.37580353021621704,18889,192,
0.38012951612472534,18899,192,
0.3708353638648987,18909,192,
,18913,192,0.5514708161354065
0.37093544006347656,18919,193,
0.36743679642677307,18929,193,
0.3677133023738861,18939,193,
0.3671582341194153,18949,193,
0.37069171667099,18959,193,
0.3672099709510803,18969,193,
0.3690989017486572,18979,193,
0.3714442253112793,18989,193,
0.37629184126853943,18999,193,
0.3663477301597595,19009,193,
,19011,193,0.5501992106437683
0.3594827950000763,19019,194,
0.37483304738998413,19029,194,
0.36755239963531494,19039,194,
0.3785431683063507,19049,194,
0.36801785230636597,19059,194,
0.36648285388946533,19069,194,
0.3722766637802124,19079,194,
0.3697977662086487,19089,194,
0.3698462247848511,19099,194,
0.37038105726242065,19109,194,
,19109,194,0.556191623210907
0.3622402846813202,19119,195,
0.3634629249572754,19129,195,
0.37201470136642456,19139,195,
0.3611581325531006,19149,195,
0.36713236570358276,19159,195,
0.36252835392951965,19169,195,
0.36430466175079346,19179,195,
0.36973223090171814,19189,195,
0.3670148253440857,19199,195,
,19207,195,0.5480436086654663
0.367652952671051,19209,196,
0.36751002073287964,19219,196,
0.36640337109565735,19229,196,
0.36292046308517456,19239,196,
0.37725621461868286,19249,196,
0.37451809644699097,19259,196,
0.37210845947265625,19269,196,
0.3690429925918579,19279,196,
0.3699982464313507,19289,196,
0.3683737814426422,19299,196,
,19305,196,0.5532819628715515
0.3778437674045563,19309,197,
0.36847853660583496,19319,197,
0.3672875165939331,19329,197,
0.37239882349967957,19339,197,
0.3698858916759491,19349,197,
0.3757348656654358,19359,197,
0.3710925281047821,19369,197,
0.3767533600330353,19379,197,
0.3774907886981964,19389,197,
0.3686003088951111,19399,197,
,19403,197,0.5550532341003418
0.370308518409729,19409,198,
0.3699621558189392,19419,198,
0.36975985765457153,19429,198,
0.36846399307250977,19439,198,
0.3781002163887024,19449,198,
0.3686818778514862,19459,198,
0.365645170211792,19469,198,
0.3653804361820221,19479,198,
0.36926835775375366,19489,198,
0.36848944425582886,19499,198,
,19501,198,0.5475106239318848
0.36685165762901306,19509,199,
0.3653354048728943,19519,199,
0.3736172914505005,19529,199,
0.37425804138183594,19539,199,
0.37543797492980957,19549,199,
0.3741433322429657,19559,199,
0.36966174840927124,19569,199,
0.37313106656074524,19579,199,
0.376680850982666,19589,199,
0.3709165155887604,19599,199,
,19599,199,0.5451422929763794
0.3609866499900818,19609,200,
0.36630064249038696,19619,200,
0.36705148220062256,19629,200,
0.37189406156539917,19639,200,
0.360152006149292,19649,200,
0.36780494451522827,19659,200,
0.3682628273963928,19669,200,
0.37565118074417114,19679,200,
0.3716893792152405,19689,200,
,19697,200,0.5530605316162109
0.37090468406677246,19699,201,
0.37186282873153687,19709,201,
0.37158772349357605,19719,201,
0.3722876310348511,19729,201,
0.3674697279930115,19739,201,
0.3657887578010559,19749,201,
0.3694608807563782,19759,201,
0.36764830350875854,19769,201,
0.36540889739990234,19779,201,
0.3727535903453827,19789,201,
,19795,201,0.5554597973823547
0.36704909801483154,19799,202,
0.36928272247314453,19809,202,
0.3625156283378601,19819,202,
0.36624741554260254,19829,202,
0.3631095290184021,19839,202,
0.36722180247306824,19849,202,
0.3639217019081116,19859,202,
0.3749784827232361,19869,202,
0.37766212224960327,19879,202,
0.3668445348739624,19889,202,
,19893,202,0.5508266687393188
0.3643297851085663,19899,203,
0.35932254791259766,19909,203,
0.37656158208847046,19919,203,
0.3658614456653595,19929,203,
0.3710271120071411,19939,203,
0.36498427391052246,19949,203,
0.3675873279571533,19959,203,
0.3658266067504883,19969,203,
0.37306708097457886,19979,203,
0.3689160645008087,19989,203,
,19991,203,0.5618060827255249
0.3681912422180176,19999,204,
0.3598802089691162,20009,204,
0.37150120735168457,20019,204,
0.36660945415496826,20029,204,
0.3695789873600006,20039,204,
0.3670930862426758,20049,204,
0.37311655282974243,20059,204,
0.3656311631202698,20069,204,
0.36530590057373047,20079,204,
0.3727533221244812,20089,204,
,20089,204,0.5504342317581177
0.360567182302475,20099,205,
0.37187516689300537,20109,205,
0.3665064573287964,20119,205,
0.364679753780365,20129,205,
0.3631349205970764,20139,205,
0.3708731532096863,20149,205,
0.3669357895851135,20159,205,
0.36856216192245483,20169,205,
0.3678194284439087,20179,205,
,20187,205,0.557649552822113
0.3616347908973694,20189,206,
0.37053459882736206,20199,206,
0.3698275685310364,20209,206,
0.37054723501205444,20219,206,
0.3682010769844055,20229,206,
0.3640328049659729,20239,206,
0.3685770630836487,20249,206,
0.3628055453300476,20259,206,
0.367707222700119,20269,206,
0.37232083082199097,20279,206,
,20285,206,0.5596756339073181
0.3614221215248108,20289,207,
0.3712027370929718,20299,207,
0.372941792011261,20309,207,
0.3615126609802246,20319,207,
0.36482173204421997,20329,207,
0.37047961354255676,20339,207,
0.37338411808013916,20349,207,
0.3677865266799927,20359,207,
0.3648874759674072,20369,207,
0.3702191114425659,20379,207,
,20383,207,0.5566890239715576
0.3662894368171692,20389,208,
0.36621856689453125,20399,208,
0.36585450172424316,20409,208,
0.35897907614707947,20419,208,
0.36884671449661255,20429,208,
0.36620187759399414,20439,208,
0.3769655227661133,20449,208,
0.3788306415081024,20459,208,
0.3630049228668213,20469,208,
0.36691606044769287,20479,208,
,20481,208,0.5493000745773315
0.3650829792022705,20489,209,
0.37367546558380127,20499,209,
0.37000739574432373,20509,209,
0.3664426803588867,20519,209,
0.3664652109146118,20529,209,
0.3699702024459839,20539,209,
0.3750527501106262,20549,209,
0.3677707314491272,20559,209,
0.3722938299179077,20569,209,
0.3689038157463074,20579,209,
,20579,209,0.5599882006645203
0.3714211583137512,20589,210,
0.36792057752609253,20599,210,
0.36205896735191345,20609,210,
0.3619798421859741,20619,210,
0.36571982502937317,20629,210,
0.3628893196582794,20639,210,
0.3656129240989685,20649,210,
0.3639974892139435,20659,210,
0.3723407983779907,20669,210,
,20677,210,0.5522609353065491
0.36631011962890625,20679,211,
0.3612710237503052,20689,211,
0.36531656980514526,20699,211,
0.3672328591346741,20709,211,
0.3687230348587036,20719,211,
0.37084031105041504,20729,211,
0.36902672052383423,20739,211,
0.3706725537776947,20749,211,
0.3650907874107361,20759,211,
0.3749125003814697,20769,211,
,20775,211,0.5497648119926453
0.3606113791465759,20779,212,
0.36457958817481995,20789,212,
0.36635106801986694,20799,212,
0.36211270093917847,20809,212,
0.3683476448059082,20819,212,
0.3718182146549225,20829,212,
0.3656948506832123,20839,212,
0.3698461949825287,20849,212,
0.3691727817058563,20859,212,
0.3672678470611572,20869,212,
,20873,212,0.553732693195343
0.3617628216743469,20879,213,
0.3684077262878418,20889,213,
0.3587111830711365,20899,213,
0.3626866638660431,20909,213,
0.3641592562198639,20919,213,
0.3647632598876953,20929,213,
0.3592352271080017,20939,213,
0.3648061752319336,20949,213,
0.3615315556526184,20959,213,
0.3690221309661865,20969,213,
,20971,213,0.5655763149261475
0.3642893433570862,20979,214,
0.3693360686302185,20989,214,
0.3631787896156311,20999,214,
0.3651215434074402,21009,214,
0.3691585659980774,21019,214,
0.36951059103012085,21029,214,
0.37030553817749023,21039,214,
0.37343737483024597,21049,214,
0.3708799481391907,21059,214,
0.36842042207717896,21069,214,
,21069,214,0.5643061995506287
0.3627215623855591,21079,215,
0.3597971796989441,21089,215,
0.36086440086364746,21099,215,
0.3675544261932373,21109,215,
0.3676735758781433,21119,215,
0.36424344778060913,21129,215,
0.3662169277667999,21139,215,
0.36361920833587646,21149,215,
0.3644847571849823,21159,215,
,21167,215,0.5490201711654663
0.37119007110595703,21169,216,
0.36825650930404663,21179,216,
0.3609723448753357,21189,216,
0.36271536350250244,21199,216,
0.3663385510444641,21209,216,
0.3602197766304016,21219,216,
0.35890278220176697,21229,216,
0.3646080493927002,21239,216,
0.3703184723854065,21249,216,
0.3659887909889221,21259,216,
,21265,216,0.5615659356117249
0.3639265298843384,21269,217,
0.3555728793144226,21279,217,
0.35617855191230774,21289,217,
0.36623597145080566,21299,217,
0.3685164451599121,21309,217,
0.3651806116104126,21319,217,
0.3686617612838745,21329,217,
0.36488160490989685,21339,217,
0.364662230014801,21349,217,
0.37782198190689087,21359,217,
,21363,217,0.5650073289871216
0.35263410210609436,21369,218,
0.35938704013824463,21379,218,
0.36203497648239136,21389,218,
0.36107760667800903,21399,218,
0.36992383003234863,21409,218,
0.3674774765968323,21419,218,
0.36455661058425903,21429,218,
0.3677571415901184,21439,218,
0.364582359790802,21449,218,
0.3692271411418915,21459,218,
,21461,218,0.5450320243835449
0.3580950200557709,21469,219,
0.35997408628463745,21479,219,
0.37037575244903564,21489,219,
0.35523784160614014,21499,219,
0.3638497591018677,21509,219,
0.37415528297424316,21519,219,
0.36799323558807373,21529,219,
0.3660215139389038,21539,219,
0.3633846640586853,21549,219,
0.3596760034561157,21559,219,
,21559,219,0.5574427843093872
0.36644744873046875,21569,220,
0.3657395839691162,21579,220,
0.3658849895000458,21589,220,
0.3629400134086609,21599,220,
0.3554221987724304,21609,220,
0.36025089025497437,21619,220,
0.35801640152931213,21629,220,
0.36708033084869385,21639,220,
0.36883726716041565,21649,220,
,21657,220,0.560081422328949
0.3633090853691101,21659,221,
0.35938048362731934,21669,221,
0.36650872230529785,21679,221,
0.3678264021873474,21689,221,
0.3644603490829468,21699,221,
0.36605119705200195,21709,221,
0.36679381132125854,21719,221,
0.3671603798866272,21729,221,
0.3579366207122803,21739,221,
0.3573630154132843,21749,221,
,21755,221,0.5499656200408936
0.36255979537963867,21759,222,
0.3633957505226135,21769,222,
0.36144644021987915,21779,222,
0.3581649661064148,21789,222,
0.36138999462127686,21799,222,
0.3623504042625427,21809,222,
0.36197200417518616,21819,222,
0.3555848002433777,21829,222,
0.3631020486354828,21839,222,
0.3565288782119751,21849,222,
,21853,222,0.5594509840011597
0.36945641040802,21859,223,
0.35674411058425903,21869,223,
0.3628421127796173,21879,223,
0.3622768521308899,21889,223,
0.36414504051208496,21899,223,
0.3616114854812622,21909,223,
0.3638738989830017,21919,223,
0.3610634207725525,21929,223,
0.3590867817401886,21939,223,
0.3580394983291626,21949,223,
,21951,223,0.5555420517921448
0.3650347590446472,21959,224,
0.35868388414382935,21969,224,
0.36289194226264954,21979,224,
0.36714011430740356,21989,224,
0.3670518398284912,21999,224,
0.36307597160339355,22009,224,
0.3602609932422638,22019,224,
0.3622477650642395,22029,224,
0.3594438433647156,22039,224,
0.35984861850738525,22049,224,
,22049,224,0.5556833744049072
0.3634537160396576,22059,225,
0.35720762610435486,22069,225,
0.35968345403671265,22079,225,
0.3580154478549957,22089,225,
0.3574647903442383,22099,225,
0.3654339909553528,22109,225,
0.3591148555278778,22119,225,
0.3581671118736267,22129,225,
0.3594794273376465,22139,225,
,22147,225,0.5547791719436646
0.35108786821365356,22149,226,
0.36049607396125793,22159,226,
0.3611053228378296,22169,226,
0.3581140637397766,22179,226,
0.3643765449523926,22189,226,
0.3655516803264618,22199,226,
0.35940030217170715,22209,226,
0.36759042739868164,22219,226,
0.35665374994277954,22229,226,
0.3612555265426636,22239,226,
,22245,226,0.5573995113372803
0.360226571559906,22249,227,
0.36468517780303955,22259,227,
0.3639383912086487,22269,227,
0.36585989594459534,22279,227,
0.36125364899635315,22289,227,
0.3588346838951111,22299,227,
0.36381155252456665,22309,227,
0.3569409251213074,22319,227,
0.3638853430747986,22329,227,
0.3642686605453491,22339,227,
,22343,227,0.5529152154922485
0.35535675287246704,22349,228,
0.36122602224349976,22359,228,
0.3557077646255493,22369,228,
0.3624470829963684,22379,228,
0.3643442988395691,22389,228,
0.3580174446105957,22399,228,
0.36226385831832886,22409,228,
0.36581289768218994,22419,228,
0.35992419719696045,22429,228,
0.36747419834136963,22439,228,
,22441,228,0.5620011687278748
0.35877978801727295,22449,229,
0.3545151352882385,22459,229,
0.35979241132736206,22469,229,
0.3575374484062195,22479,229,
0.3637683093547821,22489,229,
0.3528537154197693,22499,229,
0.3588968515396118,22509,229,
0.3672754764556885,22519,229,
0.357949435710907,22529,229,
0.3594781756401062,22539,229,
,22539,229,0.5515075922012329
0.3586176633834839,22549,230,
0.3618020713329315,22559,230,
0.35751456022262573,22569,230,
0.36541277170181274,22579,230,
0.3659175634384155,22589,230,
0.36112821102142334,22599,230,
0.37262457609176636,22609,230,
0.3586326837539673,22619,230,
0.35482633113861084,22629,230,
,22637,230,0.5568746328353882
0.3594878315925598,22639,231,
0.35546615719795227,22649,231,
0.35709071159362793,22659,231,
0.3577764630317688,22669,231,
0.35938775539398193,22679,231,
0.3596479892730713,22689,231,
0.36001336574554443,22699,231,
0.36544641852378845,22709,231,
0.3636138439178467,22719,231,
0.3598562479019165,22729,231,
,22735,231,0.556516706943512
0.3614571690559387,22739,232,
0.353161096572876,22749,232,
0.3585597276687622,22759,232,
0.36076951026916504,22769,232,
0.35855036973953247,22779,232,
0.3572494089603424,22789,232,
0.3605008125305176,22799,232,
0.35785040259361267,22809,232,
0.35434389114379883,22819,232,
0.35711270570755005,22829,232,
,22833,232,0.5516464710235596
0.35793614387512207,22839,233,
0.35473722219467163,22849,233,
0.35501179099082947,22859,233,
0.3606060743331909,22869,233,
0.35625940561294556,22879,233,
0.3573911190032959,22889,233,
0.35523781180381775,22899,233,
0.3607417345046997,22909,233,
0.3729148507118225,22919,233,
0.3516292870044708,22929,233,
,22931,233,0.5583967566490173
0.3634628653526306,22939,234,
0.35698384046554565,22949,234,
0.35521239042282104,22959,234,
0.3634049892425537,22969,234,
0.35515809059143066,22979,234,
0.3606240153312683,22989,234,
0.35838645696640015,22999,234,
0.3510904908180237,23009,234,
0.35867440700531006,23019,234,
0.3596375584602356,23029,234,
,23029,234,0.5511167645454407
0.35916537046432495,23039,235,
0.3573833107948303,23049,235,
0.35747596621513367,23059,235,
0.365425705909729,23069,235,
0.3582494854927063,23079,235,
0.3567470908164978,23089,235,
0.35929036140441895,23099,235,
0.3573378324508667,23109,235,
0.359652578830719,23119,235,
,23127,235,0.5549116134643555
0.3612372875213623,23129,236,
0.35503271222114563,23139,236,
0.36398670077323914,23149,236,
0.3599238991737366,23159,236,
0.36614394187927246,23169,236,
0.35625341534614563,23179,236,
0.3565642237663269,23189,236,
0.356781542301178,23199,236,
0.35825115442276,23209,236,
0.35536161065101624,23219,236,
